City,Crime_Type,Date,Month,Year,Population_Density,Economic_Index,Police_Stations,Unemployment_Rate,Crime_Count
Delhi,Theft,2024-02-27,5,2021,4657,0.384,11,11.12,18
Delhi,Robbery,2020-03-06,1,2020,4582,0.44,43,3.32,7
Jaipur,Robbery,2021-03-27,8,2024,5557,0.786,5,12.11,6
Pune,Vandalism,2021-07-23,3,2021,6514,0.361,29,4.16,12
Surat,Fraud,2024-07-10,1,2023,9785,0.375,29,3.95,10
Surat,Vandalism,2023-03-28,4,2020,1750,0.697,23,14.82,8
Delhi,Robbery,2021-07-23,8,2022,3664,0.522,18,11.04,3
Surat,Burglary,2022-12-29,12,2021,3677,0.577,22,14.87,18
Kolkata,Vandalism,2024-09-22,1,2021,1525,0.783,30,6.21,7
Surat,Vandalism,2021-03-11,11,2023,7482,0.831,46,8.51,9
Bangalore,Drug Offense,2024-03-05,9,2024,5304,0.748,32,13.77,13
Hyderabad,Drug Offense,2020-10-10,9,2023,2489,0.753,12,4.83,6
Pune,Assault,2022-02-27,7,2024,8668,0.617,40,13.33,1
Delhi,Fraud,2024-04-23,11,2022,2827,0.476,15,8.44,9
Jaipur,Burglary,2022-11-05,2,2022,9317,0.665,14,7.49,6
Jaipur,Theft,2023-05-11,6,2023,1319,0.367,28,13.54,10
Kolkata,Theft,2021-05-08,10,2020,2403,0.739,9,14.74,18
Bangalore,Burglary,2023-09-13,8,2024,3705,0.459,43,8.08,7
Jaipur,Drug Offense,2023-12-31,5,2023,7118,0.563,38,8.42,8
Kolkata,Assault,2021-11-23,1,2024,4770,0.653,5,3.85,2
Kolkata,Assault,2020-03-05,6,2020,9423,0.443,47,8.82,18
Bangalore,Motor Vehicle Theft,2021-05-12,8,2023,4119,0.357,47,8.17,14
Pune,Motor Vehicle Theft,2024-11-04,12,2020,2612,0.336,26,12.61,4
Kolkata,Drug Offense,2021-01-24,9,2023,3296,0.553,22,8.55,3
Ahmedabad,Assault,2020-04-13,11,2024,1241,0.881,20,5.0,16
Ahmedabad,Drug Offense,2024-11-05,7,2020,3697,0.527,29,6.18,15
Chennai,Robbery,2023-11-27,12,2024,8973,0.393,23,5.61,2
Surat,Theft,2024-03-11,6,2020,1821,0.651,37,14.03,17
Bangalore,Theft,2022-11-06,2,2021,2122,0.657,48,13.34,13
Delhi,Drug Offense,2023-03-31,10,2020,2343,0.552,42,9.78,11
Chennai,Drug Offense,2023-10-03,12,2022,4910,0.459,13,11.06,10
Ahmedabad,Vandalism,2024-03-19,2,2020,8508,0.673,41,14.95,3
Jaipur,Drug Offense,2022-11-02,5,2021,6718,0.829,20,7.43,6
Ahmedabad,Fraud,2023-06-06,11,2024,1128,0.701,40,6.59,4
Bangalore,Fraud,2020-08-24,2,2024,3546,0.463,43,5.53,11
Kolkata,Fraud,2022-11-01,8,2022,1832,0.355,32,12.95,2
Mumbai,Vandalism,2024-04-28,3,2022,3647,0.745,40,11.47,18
Mumbai,Assault,2020-06-03,12,2021,9938,0.322,28,9.99,5
Pune,Burglary,2020-03-26,5,2022,1653,0.839,18,11.18,4
Hyderabad,Robbery,2023-06-25,12,2021,4878,0.819,16,13.58,1
Bangalore,Vandalism,2024-05-21,7,2021,5371,0.396,49,4.3,2
Ahmedabad,Drug Offense,2021-02-12,8,2022,6000,0.792,19,5.68,7
Pune,Vandalism,2021-07-24,2,2022,6753,0.685,30,11.15,18
Hyderabad,Theft,2020-08-24,5,2021,5349,0.323,43,8.21,11
Pune,Assault,2022-02-27,10,2021,5173,0.327,32,3.02,18
Kolkata,Vandalism,2022-06-02,2,2022,6143,0.698,12,11.64,10
Jaipur,Fraud,2023-09-27,7,2022,7592,0.718,40,4.53,14
Pune,Burglary,2023-06-14,10,2022,7653,0.629,5,6.65,7
Pune,Vandalism,2022-08-10,8,2023,4501,0.607,15,10.91,10
Jaipur,Vandalism,2020-07-10,4,2022,4680,0.784,14,3.29,8
Ahmedabad,Assault,2022-07-21,7,2024,4185,0.731,29,8.93,8
Bangalore,Theft,2024-03-17,2,2023,4585,0.406,49,9.22,2
Jaipur,Drug Offense,2024-10-03,2,2023,3184,0.781,47,9.37,18
Surat,Vandalism,2024-03-26,8,2024,9270,0.556,40,8.35,6
Ahmedabad,Motor Vehicle Theft,2021-06-14,4,2022,9540,0.591,20,6.3,3
Chennai,Drug Offense,2021-07-10,6,2022,9849,0.348,14,5.78,5
Kolkata,Assault,2022-04-29,7,2022,9890,0.58,8,5.48,14
Pune,Theft,2024-10-20,10,2023,8814,0.304,27,6.58,13
Pune,Drug Offense,2022-09-26,4,2022,8140,0.591,29,7.03,13
Bangalore,Motor Vehicle Theft,2020-09-18,10,2024,1441,0.844,42,9.77,1
Delhi,Robbery,2020-10-04,8,2021,1823,0.456,25,5.54,11
Hyderabad,Robbery,2021-07-23,7,2022,2341,0.582,39,3.63,12
Kolkata,Assault,2024-05-18,11,2020,1508,0.87,17,13.07,20
Bangalore,Drug Offense,2020-09-15,8,2020,4571,0.579,21,12.2,6
Surat,Assault,2024-05-11,3,2022,2771,0.647,24,9.91,13
Pune,Drug Offense,2020-06-04,10,2021,2669,0.718,24,13.2,20
Delhi,Theft,2021-12-12,9,2023,7071,0.341,46,7.09,14
Ahmedabad,Assault,2022-06-06,6,2023,3506,0.561,38,14.59,9
Surat,Motor Vehicle Theft,2022-08-10,7,2024,5397,0.493,20,12.97,3
Chennai,Motor Vehicle Theft,2021-05-14,8,2024,7209,0.502,36,13.21,6
Ahmedabad,Drug Offense,2021-12-27,5,2022,5581,0.828,49,13.56,18
Mumbai,Drug Offense,2020-06-24,4,2023,9004,0.633,20,11.29,16
Ahmedabad,Theft,2020-07-09,5,2021,7625,0.715,24,10.97,12
Ahmedabad,Vandalism,2022-05-21,12,2024,6419,0.511,34,6.25,9
Kolkata,Assault,2024-01-17,4,2022,2958,0.746,49,5.22,7
Ahmedabad,Fraud,2024-01-23,10,2024,5636,0.888,17,6.55,12
Bangalore,Fraud,2020-01-29,12,2024,3073,0.465,8,9.64,5
Ahmedabad,Assault,2024-11-22,1,2024,5658,0.582,33,7.09,2
Chennai,Motor Vehicle Theft,2020-08-21,2,2023,9056,0.344,45,11.24,5
Bangalore,Fraud,2020-06-23,4,2020,7818,0.664,44,5.71,17
Pune,Motor Vehicle Theft,2022-06-25,5,2024,8025,0.483,44,3.72,4
Kolkata,Drug Offense,2021-06-25,11,2020,3573,0.444,40,3.9,1
Pune,Motor Vehicle Theft,2023-11-12,10,2023,5771,0.32,23,11.48,15
Delhi,Drug Offense,2021-06-25,11,2024,4241,0.555,39,5.7,5
Chennai,Burglary,2020-05-26,1,2021,6039,0.657,41,14.05,15
Delhi,Motor Vehicle Theft,2023-11-11,5,2023,5460,0.6,36,8.25,20
Mumbai,Robbery,2024-02-13,6,2024,5102,0.316,19,14.54,19
Surat,Theft,2024-04-15,11,2022,1659,0.758,16,8.65,15
Chennai,Burglary,2023-04-13,7,2023,2494,0.582,31,7.0,4
Bangalore,Vandalism,2022-04-23,12,2023,5722,0.698,30,12.76,18
Mumbai,Motor Vehicle Theft,2020-06-29,6,2022,6296,0.37,30,13.38,1
Jaipur,Motor Vehicle Theft,2022-04-26,1,2021,9494,0.517,36,10.5,2
Kolkata,Fraud,2023-01-29,3,2022,8178,0.829,36,4.46,20
Kolkata,Burglary,2021-09-28,9,2020,7684,0.356,12,8.54,4
Bangalore,Motor Vehicle Theft,2024-01-07,5,2024,5479,0.549,35,14.76,8
Ahmedabad,Burglary,2022-02-24,4,2024,9327,0.748,13,13.37,9
Pune,Vandalism,2024-06-01,9,2022,1042,0.47,24,13.05,19
Ahmedabad,Burglary,2022-07-03,9,2023,6654,0.499,39,7.53,11
Kolkata,Drug Offense,2023-03-17,7,2021,7730,0.326,35,11.46,13
Pune,Burglary,2022-10-11,1,2021,9229,0.879,26,13.44,15
Delhi,Motor Vehicle Theft,2020-02-01,12,2021,7717,0.823,14,3.9,9
Hyderabad,Robbery,2023-08-23,2,2022,9742,0.528,25,10.52,16
Jaipur,Theft,2023-06-18,2,2021,5708,0.898,10,8.21,4
Delhi,Motor Vehicle Theft,2020-12-06,12,2022,1474,0.328,8,6.52,12
Pune,Burglary,2021-05-15,9,2023,3950,0.402,10,10.31,13
Surat,Drug Offense,2022-10-16,10,2021,4804,0.577,21,8.51,1
Ahmedabad,Fraud,2023-10-19,9,2021,2210,0.565,27,14.85,10
Pune,Fraud,2022-07-24,5,2021,7302,0.812,11,5.85,19
Hyderabad,Fraud,2023-12-03,5,2020,7484,0.465,41,13.38,2
Surat,Motor Vehicle Theft,2024-09-01,5,2021,6772,0.431,17,10.45,5
Delhi,Theft,2021-09-24,8,2020,6977,0.739,10,13.92,11
Pune,Burglary,2021-02-15,3,2024,6994,0.619,22,12.97,9
Ahmedabad,Fraud,2024-03-08,6,2020,8673,0.878,14,12.05,8
Pune,Vandalism,2020-07-03,7,2020,5332,0.622,34,7.42,9
Surat,Robbery,2024-08-11,11,2022,2775,0.705,35,3.3,18
Hyderabad,Drug Offense,2023-08-19,2,2023,5951,0.69,12,4.68,2
Chennai,Motor Vehicle Theft,2020-08-25,2,2021,9807,0.381,34,7.45,18
Pune,Burglary,2024-12-18,7,2020,9017,0.669,22,3.39,12
Kolkata,Motor Vehicle Theft,2022-06-29,4,2022,2627,0.889,28,9.53,12
Mumbai,Robbery,2021-07-19,4,2020,8450,0.355,18,10.7,20
Mumbai,Theft,2024-05-30,6,2021,3063,0.772,18,3.82,18
Kolkata,Drug Offense,2024-07-23,4,2022,3417,0.773,43,3.03,5
Bangalore,Fraud,2024-06-23,3,2020,1422,0.379,27,12.48,8
Surat,Vandalism,2020-02-02,3,2022,1858,0.376,31,9.31,3
Ahmedabad,Motor Vehicle Theft,2024-05-12,6,2024,2786,0.571,19,14.34,2
Jaipur,Fraud,2022-07-27,11,2020,1996,0.899,30,8.12,4
Ahmedabad,Motor Vehicle Theft,2020-05-30,2,2022,3430,0.339,22,10.49,19
Jaipur,Vandalism,2022-02-19,10,2024,5831,0.572,43,8.16,4
Jaipur,Drug Offense,2022-05-30,8,2021,7779,0.503,34,7.78,4
Hyderabad,Robbery,2021-10-02,11,2022,7132,0.872,48,14.08,3
Delhi,Assault,2020-07-09,7,2020,7105,0.787,40,3.72,18
Jaipur,Vandalism,2023-10-04,2,2023,6793,0.824,32,13.42,2
Chennai,Fraud,2021-12-21,2,2024,9313,0.428,47,8.79,4
Hyderabad,Vandalism,2020-08-23,5,2024,4705,0.784,40,14.69,20
Surat,Theft,2023-06-01,11,2022,1474,0.408,49,12.15,11
Hyderabad,Theft,2021-01-06,3,2024,7566,0.342,45,14.66,3
Jaipur,Drug Offense,2022-02-09,7,2023,6585,0.394,24,11.66,19
Surat,Assault,2024-12-14,1,2021,3579,0.753,8,11.09,9
Ahmedabad,Robbery,2022-09-21,10,2023,7785,0.464,37,4.37,14
Delhi,Fraud,2023-10-20,11,2024,8972,0.616,24,3.55,13
Surat,Theft,2020-01-16,4,2022,4460,0.76,21,6.47,4
Mumbai,Motor Vehicle Theft,2024-03-09,7,2021,3116,0.528,50,5.76,18
Hyderabad,Assault,2022-03-24,12,2020,8147,0.311,9,13.35,19
Pune,Robbery,2023-12-24,11,2023,5743,0.369,6,14.59,6
Surat,Motor Vehicle Theft,2024-08-30,12,2022,2443,0.562,11,5.92,19
Pune,Assault,2022-03-21,5,2022,4630,0.5,15,3.92,4
Jaipur,Drug Offense,2024-05-08,6,2022,3419,0.442,14,6.07,6
Surat,Burglary,2024-04-05,11,2020,3902,0.871,45,8.93,19
Surat,Motor Vehicle Theft,2023-10-26,10,2024,6295,0.819,45,6.79,15
Delhi,Motor Vehicle Theft,2022-06-24,11,2022,5500,0.655,27,9.09,10
Ahmedabad,Motor Vehicle Theft,2020-03-18,1,2022,5703,0.346,10,10.38,17
Pune,Motor Vehicle Theft,2023-04-03,9,2020,8368,0.845,41,10.82,11
Surat,Motor Vehicle Theft,2022-10-23,3,2020,8381,0.362,26,14.79,3
Jaipur,Burglary,2020-03-21,4,2023,8199,0.614,44,4.9,12
Chennai,Robbery,2022-04-17,6,2024,1857,0.774,46,7.02,11
Delhi,Robbery,2021-08-04,5,2024,3463,0.5,42,10.96,12
Chennai,Robbery,2020-09-21,10,2020,6072,0.635,46,12.5,5
Jaipur,Assault,2023-08-16,11,2023,9331,0.517,28,6.71,7
Hyderabad,Motor Vehicle Theft,2021-01-28,4,2021,3538,0.346,11,9.09,18
Jaipur,Theft,2023-09-17,6,2024,3147,0.658,14,4.95,20
Bangalore,Motor Vehicle Theft,2020-03-30,7,2022,4891,0.882,44,6.42,15
Kolkata,Drug Offense,2021-09-25,8,2021,7026,0.707,41,14.81,15
Chennai,Robbery,2022-10-26,9,2023,3655,0.79,43,4.66,9
Mumbai,Motor Vehicle Theft,2024-11-25,6,2024,2680,0.727,38,13.21,10
Delhi,Burglary,2021-07-12,8,2024,3414,0.799,10,14.36,8
Ahmedabad,Vandalism,2020-02-24,7,2020,7495,0.601,20,7.63,3
Hyderabad,Drug Offense,2020-02-27,6,2020,6493,0.775,13,3.46,16
Bangalore,Motor Vehicle Theft,2022-07-07,10,2020,2298,0.311,18,13.02,18
Surat,Robbery,2020-08-15,5,2021,5934,0.373,20,8.04,20
Ahmedabad,Assault,2020-08-15,8,2024,9782,0.31,37,9.9,5
Chennai,Robbery,2020-01-04,10,2022,4941,0.642,16,10.97,3
Jaipur,Vandalism,2020-05-18,9,2024,9312,0.772,37,9.65,13
Ahmedabad,Theft,2023-07-25,7,2022,5155,0.748,27,12.46,12
Kolkata,Assault,2024-04-29,10,2022,3185,0.327,39,7.06,6
Ahmedabad,Motor Vehicle Theft,2023-07-17,3,2021,2033,0.73,34,3.44,7
Mumbai,Drug Offense,2024-12-19,1,2022,6080,0.609,39,8.68,2
Kolkata,Fraud,2022-01-01,1,2022,5476,0.375,28,8.24,13
Ahmedabad,Robbery,2021-11-25,3,2023,9151,0.52,38,6.2,3
Pune,Assault,2022-05-31,10,2021,9937,0.476,11,3.96,10
Chennai,Motor Vehicle Theft,2023-05-19,12,2023,3730,0.714,27,8.37,12
Surat,Robbery,2021-07-16,11,2020,2229,0.703,30,7.36,6
Mumbai,Burglary,2024-10-04,10,2023,1570,0.376,20,12.34,12
Hyderabad,Robbery,2023-03-07,1,2024,3513,0.707,28,7.46,3
Surat,Burglary,2022-12-20,6,2023,6150,0.69,20,14.53,1
Bangalore,Motor Vehicle Theft,2022-11-26,7,2024,2929,0.457,21,11.45,7
Surat,Fraud,2023-11-22,8,2021,3009,0.381,9,8.42,15
Delhi,Vandalism,2023-09-29,6,2020,9882,0.474,24,13.22,6
Hyderabad,Drug Offense,2020-09-05,4,2021,4878,0.774,6,7.33,19
Hyderabad,Motor Vehicle Theft,2024-07-03,9,2021,2412,0.339,30,15.0,16
Jaipur,Robbery,2024-04-24,7,2024,2208,0.375,25,10.71,15
Ahmedabad,Vandalism,2020-09-19,9,2024,3981,0.761,13,8.19,2
Delhi,Burglary,2021-09-14,3,2021,6286,0.861,19,7.15,17
Chennai,Assault,2021-05-28,4,2024,5496,0.375,24,10.37,3
Jaipur,Burglary,2023-04-27,10,2021,3804,0.695,43,7.05,19
Mumbai,Theft,2020-06-15,1,2024,5336,0.691,41,8.0,1
Ahmedabad,Fraud,2023-08-07,5,2023,5012,0.783,48,7.87,15
Delhi,Theft,2020-11-19,8,2023,8933,0.579,26,10.28,11
Hyderabad,Vandalism,2022-03-27,3,2022,9437,0.637,25,5.9,4
Chennai,Motor Vehicle Theft,2021-05-22,3,2020,1829,0.474,29,13.37,14
Kolkata,Burglary,2024-07-24,6,2024,6123,0.414,15,8.98,17
Ahmedabad,Motor Vehicle Theft,2024-12-05,5,2023,1379,0.354,30,9.07,8
Kolkata,Vandalism,2020-04-09,1,2022,9108,0.659,46,11.07,10
Jaipur,Theft,2024-10-01,2,2023,3194,0.829,28,12.17,12
Mumbai,Robbery,2020-04-14,10,2024,4189,0.518,23,3.88,17
Ahmedabad,Fraud,2024-08-17,10,2024,2946,0.377,11,7.73,11
Jaipur,Vandalism,2024-03-26,3,2021,9341,0.541,7,3.54,5
Hyderabad,Motor Vehicle Theft,2022-11-29,8,2021,9446,0.384,44,6.82,13
Surat,Fraud,2023-04-30,6,2024,9351,0.619,50,9.76,16
Mumbai,Vandalism,2021-11-09,11,2020,7824,0.65,49,10.55,20
Ahmedabad,Fraud,2023-09-04,10,2024,4728,0.733,42,8.77,17
Surat,Robbery,2020-10-29,11,2021,1517,0.644,49,4.32,1
Ahmedabad,Vandalism,2022-05-07,3,2023,4340,0.546,44,14.05,2
Bangalore,Drug Offense,2023-02-22,6,2023,9609,0.526,16,8.52,18
Hyderabad,Vandalism,2023-10-16,12,2022,8932,0.415,20,6.35,10
Kolkata,Fraud,2024-04-28,5,2021,9011,0.49,27,9.73,9
Chennai,Assault,2023-03-20,11,2024,7220,0.837,30,12.82,5
Chennai,Theft,2021-08-12,12,2020,6674,0.854,46,6.08,16
Kolkata,Drug Offense,2024-08-22,9,2022,5450,0.382,44,11.89,8
Kolkata,Theft,2023-10-03,9,2021,4814,0.331,31,6.96,16
Delhi,Burglary,2020-01-11,9,2021,7666,0.692,35,8.73,7
Chennai,Vandalism,2021-08-07,11,2020,2465,0.691,19,9.42,2
Bangalore,Robbery,2024-12-11,3,2020,7504,0.773,16,14.24,10
Mumbai,Theft,2021-09-03,10,2024,2758,0.857,26,6.41,18
Jaipur,Motor Vehicle Theft,2024-12-26,3,2024,8668,0.464,12,6.97,15
Chennai,Burglary,2020-01-29,12,2022,5833,0.641,17,5.11,13
Pune,Vandalism,2020-06-26,7,2020,4027,0.889,35,6.88,8
Mumbai,Fraud,2022-02-24,4,2023,5374,0.872,24,9.99,19
Mumbai,Fraud,2023-08-31,6,2021,2017,0.701,34,6.68,13
Jaipur,Fraud,2023-11-14,2,2022,7021,0.669,19,14.49,16
Bangalore,Motor Vehicle Theft,2024-03-11,10,2022,7813,0.721,35,12.09,7
Kolkata,Assault,2022-12-12,8,2024,6927,0.347,41,4.35,18
Jaipur,Drug Offense,2023-03-18,9,2021,3695,0.497,38,8.3,7
Surat,Motor Vehicle Theft,2020-07-05,9,2023,1911,0.572,37,7.99,19
Mumbai,Motor Vehicle Theft,2023-10-09,5,2020,7487,0.453,5,11.95,19
Delhi,Theft,2022-05-17,6,2020,9866,0.896,9,14.83,16
Mumbai,Fraud,2022-04-17,3,2021,7887,0.525,29,8.38,13
Pune,Assault,2023-10-30,11,2024,3178,0.692,27,4.42,18
Pune,Burglary,2024-01-30,4,2020,1372,0.887,34,11.08,18
Pune,Robbery,2024-08-13,4,2021,8546,0.508,22,5.26,4
Mumbai,Robbery,2023-06-13,1,2021,4376,0.34,43,3.4,20
Mumbai,Drug Offense,2024-02-25,1,2023,8191,0.441,18,12.05,2
Bangalore,Fraud,2021-04-24,12,2024,6224,0.646,48,12.82,8
Chennai,Burglary,2023-09-14,9,2021,7775,0.48,8,9.68,19
Bangalore,Robbery,2023-02-12,8,2020,6642,0.865,47,7.57,17
Hyderabad,Robbery,2022-04-16,3,2022,7167,0.41,39,8.68,8
Chennai,Burglary,2024-07-08,8,2020,7761,0.881,40,9.36,13
Kolkata,Fraud,2021-02-20,6,2020,8369,0.808,10,9.43,7
Mumbai,Fraud,2022-02-11,11,2024,1647,0.824,17,12.66,19
Jaipur,Drug Offense,2022-09-08,4,2022,5967,0.874,5,5.54,7
Delhi,Motor Vehicle Theft,2021-05-11,12,2024,4350,0.538,20,9.62,10
Pune,Motor Vehicle Theft,2022-12-28,11,2022,6053,0.457,37,13.59,15
Delhi,Motor Vehicle Theft,2024-04-08,6,2021,7073,0.488,7,9.75,8
Bangalore,Theft,2021-06-18,9,2024,7841,0.477,17,6.96,13
Surat,Drug Offense,2022-10-19,9,2022,5216,0.758,36,14.6,16
Ahmedabad,Burglary,2024-02-09,6,2021,3293,0.732,36,5.21,18
Mumbai,Theft,2024-09-14,2,2020,1104,0.547,45,5.78,5
Mumbai,Drug Offense,2022-11-01,8,2022,1990,0.671,47,14.21,16
Ahmedabad,Theft,2020-01-14,9,2024,7739,0.307,38,11.67,18
Chennai,Theft,2022-10-25,12,2023,3937,0.364,11,9.29,8
Kolkata,Fraud,2024-07-27,6,2022,7502,0.347,30,8.51,8
Kolkata,Fraud,2023-11-01,2,2020,2531,0.543,29,9.63,2
Mumbai,Burglary,2020-06-18,8,2023,6427,0.64,11,13.74,2
Kolkata,Drug Offense,2024-11-12,12,2024,8790,0.463,9,11.21,9
Jaipur,Theft,2021-01-02,6,2020,4394,0.652,50,12.85,3
Chennai,Burglary,2023-02-28,4,2024,7375,0.706,39,6.98,5
Delhi,Vandalism,2020-04-19,2,2023,4803,0.803,26,10.26,20
Surat,Robbery,2024-05-03,6,2020,5478,0.77,33,8.89,12
Jaipur,Robbery,2022-06-03,3,2024,7227,0.351,44,6.54,8
Delhi,Assault,2021-07-02,3,2023,3527,0.744,25,7.33,3
Mumbai,Fraud,2022-06-29,6,2022,2674,0.38,16,8.17,18
Jaipur,Robbery,2020-07-30,1,2020,6798,0.633,43,10.18,11
Pune,Theft,2021-08-20,7,2023,2387,0.735,40,13.86,8
Surat,Burglary,2023-11-04,7,2021,3274,0.461,22,8.92,3
Bangalore,Robbery,2021-07-19,7,2022,8933,0.77,28,6.02,8
Ahmedabad,Drug Offense,2022-07-26,2,2021,5991,0.304,30,6.99,20
Pune,Vandalism,2022-06-20,6,2023,3230,0.48,43,14.37,7
Ahmedabad,Vandalism,2020-12-29,7,2022,5775,0.741,45,8.89,19
Kolkata,Vandalism,2022-02-09,5,2023,6980,0.368,41,5.4,18
Bangalore,Theft,2024-01-29,8,2021,8183,0.779,49,3.83,14
Ahmedabad,Burglary,2023-07-21,5,2021,5139,0.695,50,8.08,13
Delhi,Motor Vehicle Theft,2023-05-09,8,2024,7566,0.621,49,8.02,2
Hyderabad,Assault,2020-08-11,4,2022,3725,0.688,7,9.76,13
Hyderabad,Robbery,2020-08-04,1,2020,5239,0.433,38,9.7,19
Kolkata,Motor Vehicle Theft,2022-02-05,7,2023,9199,0.39,6,8.79,10
Pune,Assault,2020-08-25,12,2021,6707,0.487,34,12.41,17
Ahmedabad,Vandalism,2022-09-02,2,2023,8412,0.491,24,3.54,4
Mumbai,Vandalism,2023-08-20,2,2021,4996,0.61,40,4.92,18
Pune,Motor Vehicle Theft,2021-04-19,7,2021,4053,0.684,32,7.75,20
Kolkata,Motor Vehicle Theft,2023-04-27,7,2023,1072,0.723,18,6.34,3
Surat,Assault,2024-06-25,9,2021,6993,0.496,34,4.37,16
Jaipur,Vandalism,2023-05-07,7,2024,7431,0.652,27,7.22,15
Surat,Burglary,2024-07-24,11,2022,2388,0.703,25,4.41,10
Delhi,Burglary,2022-02-03,12,2021,9369,0.533,43,4.65,13
Pune,Burglary,2022-09-23,11,2024,3838,0.633,36,6.47,6
Hyderabad,Motor Vehicle Theft,2023-06-22,1,2022,1157,0.591,17,12.78,18
Jaipur,Motor Vehicle Theft,2022-04-17,11,2023,7809,0.726,33,8.86,3
Surat,Theft,2024-06-17,4,2022,1535,0.465,39,6.46,15
Surat,Motor Vehicle Theft,2023-01-30,9,2020,2871,0.461,39,12.88,12
Jaipur,Theft,2024-04-05,12,2023,9951,0.431,32,4.23,8
Chennai,Theft,2022-07-10,5,2022,2425,0.563,12,12.31,8
Kolkata,Vandalism,2024-10-29,12,2024,8015,0.4,13,12.42,7
Mumbai,Vandalism,2022-12-26,5,2024,9827,0.401,50,6.51,19
Chennai,Assault,2020-10-04,7,2020,5543,0.82,13,11.42,5
Kolkata,Burglary,2023-12-27,6,2021,7434,0.594,41,10.59,14
Pune,Motor Vehicle Theft,2020-06-03,11,2020,7600,0.609,22,11.34,12
Ahmedabad,Motor Vehicle Theft,2021-11-01,10,2020,2526,0.739,34,10.62,12
Delhi,Robbery,2021-03-22,7,2021,9105,0.461,23,7.05,19
Bangalore,Motor Vehicle Theft,2024-06-02,6,2020,1752,0.36,34,3.2,6
Ahmedabad,Motor Vehicle Theft,2020-01-02,7,2021,3161,0.829,24,4.91,9
Delhi,Vandalism,2021-05-27,2,2022,3711,0.331,45,6.67,8
Pune,Assault,2023-12-12,2,2020,4496,0.586,13,10.12,17
Ahmedabad,Theft,2020-01-17,12,2022,2975,0.893,32,11.33,16
Delhi,Drug Offense,2022-02-23,2,2020,2690,0.488,24,4.65,5
Bangalore,Assault,2022-12-22,10,2020,3688,0.564,18,10.54,5
Pune,Motor Vehicle Theft,2024-10-27,4,2020,2646,0.384,12,10.07,13
Hyderabad,Robbery,2021-10-06,3,2021,5537,0.687,20,9.64,20
Surat,Fraud,2024-05-14,12,2020,5942,0.423,43,9.11,13
Chennai,Theft,2024-05-24,4,2023,7322,0.368,36,10.66,3
Jaipur,Theft,2022-01-09,6,2021,7337,0.816,41,8.05,18
Bangalore,Motor Vehicle Theft,2024-04-26,2,2020,2106,0.308,18,3.48,2
Pune,Fraud,2023-07-11,12,2024,7806,0.554,30,3.99,18
Jaipur,Burglary,2021-07-22,2,2022,2294,0.607,18,14.69,5
Jaipur,Vandalism,2022-03-11,10,2020,6081,0.719,20,3.69,3
Pune,Assault,2022-07-17,10,2024,1901,0.486,47,11.89,4
Mumbai,Burglary,2023-12-07,1,2021,9133,0.872,38,9.21,9
Bangalore,Vandalism,2020-09-16,12,2022,2934,0.763,6,7.02,14
Chennai,Assault,2021-06-22,12,2024,2262,0.598,37,7.32,16
Surat,Burglary,2022-01-23,3,2022,2685,0.837,48,11.67,8
Jaipur,Theft,2020-03-31,1,2021,1753,0.583,29,14.04,6
Mumbai,Robbery,2021-04-04,6,2021,7819,0.85,25,6.26,3
Surat,Vandalism,2020-09-01,9,2020,3938,0.434,38,14.78,13
Delhi,Motor Vehicle Theft,2024-11-08,5,2022,6362,0.352,34,3.1,7
Chennai,Fraud,2024-02-23,10,2021,8600,0.521,36,14.97,7
Jaipur,Drug Offense,2020-11-04,1,2023,1391,0.44,27,10.63,1
Hyderabad,Theft,2024-04-03,11,2023,6038,0.362,38,14.8,14
Ahmedabad,Theft,2020-10-18,12,2022,2524,0.326,19,13.77,17
Pune,Vandalism,2022-07-27,12,2020,2565,0.603,45,12.84,3
Surat,Theft,2022-06-09,11,2021,4879,0.475,25,14.11,13
Hyderabad,Vandalism,2022-07-16,5,2021,2223,0.866,13,12.36,19
Delhi,Burglary,2020-08-04,3,2023,8635,0.488,12,9.43,7
Ahmedabad,Fraud,2022-08-06,5,2020,2481,0.395,48,6.65,20
Mumbai,Drug Offense,2024-09-07,6,2021,2494,0.727,27,7.75,2
Chennai,Fraud,2024-08-06,3,2020,7625,0.813,40,11.98,8
Delhi,Motor Vehicle Theft,2020-07-27,3,2020,1195,0.337,19,4.57,13
Hyderabad,Assault,2023-04-07,10,2022,2228,0.313,9,5.37,15
Bangalore,Assault,2024-10-01,6,2020,1699,0.865,8,5.02,19
Pune,Robbery,2022-10-13,1,2023,7990,0.404,18,13.9,9
Chennai,Motor Vehicle Theft,2024-12-14,3,2020,5026,0.688,36,7.94,18
Ahmedabad,Theft,2020-06-28,5,2023,3248,0.552,46,13.62,17
Kolkata,Theft,2022-02-22,12,2022,8859,0.627,36,7.13,19
Jaipur,Vandalism,2022-03-06,5,2021,1427,0.491,19,3.35,9
Mumbai,Motor Vehicle Theft,2022-12-20,6,2024,4813,0.884,11,5.97,8
Chennai,Theft,2024-04-13,4,2024,7363,0.513,16,5.11,19
Hyderabad,Vandalism,2023-04-26,1,2022,3328,0.638,17,13.04,16
Jaipur,Fraud,2020-12-25,8,2020,2478,0.334,43,5.63,17
Ahmedabad,Theft,2021-11-10,10,2021,3137,0.504,16,14.03,11
Mumbai,Theft,2020-10-29,10,2021,2817,0.808,28,14.53,12
Pune,Assault,2021-11-20,5,2022,3235,0.886,32,12.5,16
Hyderabad,Burglary,2023-12-19,9,2024,6846,0.434,42,12.77,13
Chennai,Fraud,2020-09-17,3,2020,7415,0.81,41,3.39,20
Hyderabad,Drug Offense,2023-08-02,10,2020,9129,0.384,9,5.86,11
Bangalore,Assault,2024-08-09,12,2022,8317,0.307,18,5.99,3
Hyderabad,Fraud,2024-05-30,2,2020,1788,0.532,31,14.63,14
Ahmedabad,Robbery,2021-12-20,9,2023,2661,0.797,41,10.81,8
Bangalore,Motor Vehicle Theft,2020-05-30,1,2022,1328,0.491,11,3.89,6
Pune,Burglary,2024-02-08,2,2024,2525,0.503,44,13.72,1
Pune,Burglary,2023-05-28,7,2021,1877,0.361,18,14.69,14
Jaipur,Fraud,2023-09-14,5,2022,4891,0.358,30,9.86,16
Bangalore,Theft,2022-01-08,1,2023,2435,0.477,47,10.5,16
Kolkata,Assault,2020-02-22,4,2021,5781,0.886,35,13.13,10
Pune,Motor Vehicle Theft,2022-09-28,11,2022,2493,0.685,29,5.22,13
Hyderabad,Burglary,2022-07-01,1,2022,8204,0.579,19,13.04,19
Mumbai,Burglary,2024-03-20,12,2020,2404,0.701,39,7.97,19
Kolkata,Theft,2024-09-17,7,2024,7858,0.879,48,13.4,16
Surat,Drug Offense,2022-09-02,5,2020,7468,0.842,50,3.42,19
Jaipur,Burglary,2020-09-03,8,2021,3738,0.883,17,4.51,14
Delhi,Robbery,2021-02-17,11,2021,5225,0.492,9,4.04,18
Pune,Vandalism,2024-10-20,5,2024,8506,0.85,5,12.44,20
Surat,Robbery,2020-08-18,7,2021,3428,0.64,42,12.1,4
Delhi,Assault,2024-05-28,5,2024,6633,0.827,21,7.6,16
Surat,Motor Vehicle Theft,2020-03-17,3,2022,7602,0.386,43,11.17,13
Mumbai,Robbery,2024-12-26,6,2021,1807,0.747,22,13.76,1
Hyderabad,Fraud,2021-09-28,5,2023,2609,0.883,19,4.61,15
Hyderabad,Fraud,2024-02-01,7,2024,2462,0.413,18,13.96,14
Ahmedabad,Vandalism,2024-08-08,1,2024,3604,0.339,50,9.08,5
Jaipur,Theft,2020-12-21,4,2021,1944,0.45,34,3.61,12
Kolkata,Fraud,2022-01-24,8,2024,7503,0.681,12,11.17,8
Hyderabad,Motor Vehicle Theft,2023-05-01,8,2021,8775,0.652,27,7.13,9
Delhi,Fraud,2020-02-26,7,2020,3669,0.812,18,13.29,8
Kolkata,Fraud,2023-08-27,7,2024,1328,0.819,48,3.11,5
Bangalore,Theft,2021-04-03,5,2024,6004,0.728,50,10.71,14
Pune,Vandalism,2022-07-29,5,2021,8646,0.481,38,12.89,13
Surat,Assault,2020-01-16,9,2022,5631,0.479,11,8.78,11
Chennai,Vandalism,2024-10-30,5,2022,5895,0.413,38,12.19,2
Surat,Robbery,2023-09-14,6,2021,1417,0.693,23,6.11,14
Pune,Robbery,2024-02-17,1,2024,4111,0.506,50,5.67,18
Ahmedabad,Vandalism,2022-11-04,5,2021,3967,0.476,35,4.54,9
Jaipur,Burglary,2023-10-24,6,2020,4641,0.513,24,8.05,11
Hyderabad,Fraud,2023-04-14,5,2023,2929,0.582,45,10.0,20
Delhi,Motor Vehicle Theft,2024-12-26,4,2024,2963,0.82,29,9.36,14
Mumbai,Burglary,2020-10-08,4,2022,7704,0.892,34,4.72,6
Delhi,Motor Vehicle Theft,2021-11-12,11,2021,6134,0.681,5,8.42,7
Bangalore,Burglary,2022-09-29,2,2021,8105,0.68,30,8.15,16
Pune,Theft,2020-03-18,9,2021,7112,0.87,25,12.08,17
Kolkata,Theft,2023-10-17,1,2021,4707,0.716,27,6.75,4
Pune,Fraud,2020-12-08,2,2020,5885,0.869,34,11.73,20
Jaipur,Vandalism,2022-06-07,11,2021,6615,0.898,36,7.31,7
Bangalore,Robbery,2020-02-09,4,2021,3149,0.427,6,10.08,6
Delhi,Vandalism,2023-12-27,11,2020,7147,0.826,21,12.25,20
Mumbai,Theft,2023-09-17,2,2020,1790,0.714,31,8.33,4
Jaipur,Fraud,2022-08-29,12,2021,4366,0.717,45,3.11,14
Delhi,Fraud,2023-06-29,10,2021,7862,0.798,11,9.14,20
Delhi,Fraud,2020-08-21,2,2023,4254,0.665,21,12.98,7
Hyderabad,Robbery,2021-08-27,3,2020,9980,0.598,18,11.26,16
Hyderabad,Drug Offense,2020-01-06,1,2020,2809,0.801,47,8.93,3
Jaipur,Assault,2024-01-21,12,2020,5192,0.687,34,14.86,10
Chennai,Motor Vehicle Theft,2020-04-12,2,2021,1646,0.811,28,12.62,11
Pune,Assault,2020-07-13,1,2020,3267,0.698,15,6.94,15
Surat,Fraud,2024-12-04,12,2020,7105,0.789,16,4.37,13
Ahmedabad,Fraud,2024-09-07,7,2023,7909,0.689,15,4.36,2
Bangalore,Assault,2022-05-02,10,2023,8178,0.409,29,12.35,20
Mumbai,Burglary,2022-09-16,8,2020,7738,0.564,9,6.14,11
Mumbai,Drug Offense,2023-10-03,6,2024,9570,0.713,44,4.14,8
Ahmedabad,Vandalism,2023-09-21,11,2023,3435,0.803,40,13.7,20
Mumbai,Theft,2023-08-10,3,2024,8688,0.811,15,3.9,16
Hyderabad,Drug Offense,2021-11-08,5,2020,9305,0.434,46,7.54,8
Delhi,Motor Vehicle Theft,2022-06-28,10,2023,2442,0.814,33,6.79,16
Mumbai,Assault,2022-04-06,7,2020,9996,0.3,10,12.5,20
Chennai,Drug Offense,2023-09-02,11,2023,6584,0.518,8,12.8,15
Hyderabad,Motor Vehicle Theft,2024-01-07,11,2022,8414,0.368,47,5.66,11
Hyderabad,Fraud,2023-01-26,9,2022,2741,0.327,15,8.91,14
Delhi,Fraud,2023-06-05,4,2021,2978,0.858,30,5.59,7
Hyderabad,Assault,2024-03-30,7,2020,3018,0.763,33,8.49,19
Jaipur,Burglary,2022-10-18,1,2024,1795,0.632,32,13.07,16
Jaipur,Burglary,2023-11-17,10,2021,3103,0.362,47,10.21,11
Jaipur,Robbery,2022-05-07,10,2021,5482,0.539,26,14.65,15
Bangalore,Burglary,2022-04-25,10,2024,5897,0.806,40,13.33,18
Kolkata,Drug Offense,2021-03-05,10,2022,6657,0.853,13,14.78,6
Jaipur,Vandalism,2023-12-25,2,2022,8870,0.65,47,11.52,18
Chennai,Robbery,2024-07-13,1,2024,2744,0.315,14,3.64,2
Kolkata,Fraud,2024-03-16,3,2022,5105,0.388,8,11.29,10
Kolkata,Theft,2022-01-04,8,2020,4675,0.745,40,7.67,17
Chennai,Theft,2022-02-20,7,2023,6122,0.879,8,3.16,9
Kolkata,Motor Vehicle Theft,2024-08-26,4,2022,9955,0.743,17,12.31,7
Chennai,Motor Vehicle Theft,2020-12-29,11,2020,4063,0.877,37,4.43,2
Pune,Fraud,2023-02-13,5,2021,3636,0.65,21,3.07,15
Bangalore,Theft,2020-11-10,6,2024,1833,0.764,45,10.39,10
Ahmedabad,Vandalism,2020-05-29,12,2022,9608,0.432,16,9.25,17
Bangalore,Robbery,2023-01-17,9,2023,2506,0.51,18,10.96,11
Hyderabad,Fraud,2021-03-23,10,2024,8780,0.898,46,3.11,12
Ahmedabad,Drug Offense,2023-08-08,10,2024,4994,0.875,48,13.63,13
Delhi,Robbery,2021-06-09,9,2022,1404,0.847,28,9.17,17
Ahmedabad,Motor Vehicle Theft,2020-03-30,5,2021,6248,0.608,11,5.01,18
Jaipur,Theft,2023-07-07,2,2021,4492,0.819,32,13.03,7
Jaipur,Robbery,2023-08-17,2,2021,1389,0.576,26,3.45,3
Mumbai,Burglary,2024-06-14,5,2024,2154,0.645,19,13.93,14
Pune,Motor Vehicle Theft,2023-07-14,7,2023,6183,0.31,48,4.42,1
Surat,Assault,2024-03-28,12,2024,1745,0.721,9,7.29,17
Delhi,Fraud,2024-05-30,11,2022,2417,0.469,33,7.58,1
Ahmedabad,Burglary,2022-12-28,4,2021,7406,0.778,39,6.54,5
Chennai,Vandalism,2020-01-23,9,2024,3316,0.374,5,9.87,13
Jaipur,Assault,2021-09-16,4,2022,4469,0.548,46,13.22,5
Bangalore,Burglary,2021-03-28,10,2022,4183,0.369,47,12.6,2
Jaipur,Motor Vehicle Theft,2023-08-13,9,2020,5762,0.703,21,4.18,19
Ahmedabad,Vandalism,2022-01-01,3,2021,2639,0.471,9,13.8,11
Ahmedabad,Motor Vehicle Theft,2021-11-03,10,2022,3496,0.639,28,12.69,14
Bangalore,Theft,2021-10-03,4,2021,8145,0.466,28,4.61,11
Ahmedabad,Motor Vehicle Theft,2022-07-01,6,2022,8978,0.631,16,10.75,3
Chennai,Burglary,2024-12-30,9,2021,5312,0.74,45,3.92,3
Mumbai,Theft,2024-07-22,10,2024,7637,0.762,18,13.88,18
Chennai,Motor Vehicle Theft,2023-09-01,3,2022,7430,0.434,42,11.8,10
Bangalore,Motor Vehicle Theft,2022-10-23,9,2020,7500,0.518,5,10.95,20
Bangalore,Burglary,2022-07-02,3,2021,3395,0.742,35,14.27,2
Kolkata,Motor Vehicle Theft,2021-04-19,2,2022,7052,0.44,47,5.48,12
Pune,Motor Vehicle Theft,2022-07-20,1,2020,6309,0.362,38,10.6,9
Chennai,Burglary,2022-02-10,11,2023,6985,0.653,9,9.2,13
Kolkata,Robbery,2021-12-23,6,2023,8898,0.832,5,9.02,5
Ahmedabad,Burglary,2021-04-16,2,2024,5600,0.427,16,4.89,20
Delhi,Drug Offense,2022-04-29,6,2020,8889,0.705,35,5.53,6
Pune,Theft,2021-05-14,1,2021,3639,0.381,37,3.47,19
Bangalore,Theft,2020-12-06,5,2021,9464,0.875,43,14.63,1
Chennai,Assault,2021-03-19,8,2024,8723,0.82,15,5.63,14
Surat,Burglary,2024-06-15,10,2021,9369,0.459,48,7.11,15
Surat,Assault,2021-04-15,7,2023,3166,0.365,17,9.27,17
Pune,Burglary,2023-05-25,2,2021,8796,0.841,43,3.47,18
Jaipur,Assault,2020-07-09,8,2021,9835,0.797,48,10.79,17
Pune,Vandalism,2024-11-26,1,2024,8028,0.438,35,12.47,13
Hyderabad,Assault,2022-05-21,3,2022,8817,0.76,10,6.4,18
Pune,Fraud,2021-01-22,1,2020,9561,0.371,5,7.5,7
Hyderabad,Robbery,2022-01-11,2,2021,7980,0.691,21,6.14,18
Pune,Vandalism,2023-06-07,5,2023,4337,0.548,40,8.79,12
Jaipur,Motor Vehicle Theft,2021-06-03,5,2024,6641,0.765,30,11.83,4
Kolkata,Motor Vehicle Theft,2024-05-22,12,2021,2642,0.429,30,12.43,18
Surat,Theft,2020-11-25,7,2020,2492,0.794,35,14.11,14
Delhi,Assault,2021-06-22,4,2022,2311,0.665,29,14.17,13
Surat,Fraud,2023-12-28,10,2020,3871,0.684,33,3.13,17
Chennai,Drug Offense,2020-03-09,10,2024,9451,0.719,44,5.03,2
Hyderabad,Drug Offense,2023-09-03,1,2021,2422,0.898,30,7.24,13
Pune,Drug Offense,2022-11-26,1,2020,2477,0.63,40,13.98,12
Hyderabad,Fraud,2021-04-08,10,2021,8450,0.858,41,3.06,6
Pune,Assault,2023-02-18,2,2024,5821,0.504,12,12.64,9
Jaipur,Fraud,2023-11-22,8,2023,8923,0.762,26,14.53,15
Ahmedabad,Theft,2022-09-14,2,2022,2106,0.53,19,11.12,8
Hyderabad,Robbery,2021-12-24,9,2024,1159,0.72,21,5.98,3
Pune,Vandalism,2020-06-04,9,2021,8807,0.488,18,13.73,9
Bangalore,Drug Offense,2022-10-18,12,2021,4847,0.741,21,5.48,7
Kolkata,Vandalism,2020-11-15,2,2020,2285,0.705,47,8.91,1
Jaipur,Theft,2024-10-02,8,2022,6167,0.595,41,13.43,16
Bangalore,Fraud,2022-03-25,4,2024,3101,0.332,32,8.74,18
Mumbai,Vandalism,2022-03-17,11,2021,8490,0.886,49,9.22,11
Mumbai,Theft,2023-10-12,4,2023,2650,0.495,44,13.34,6
Jaipur,Fraud,2021-04-30,5,2023,6621,0.52,36,8.09,14
Hyderabad,Vandalism,2024-10-15,7,2022,8384,0.408,13,14.75,8
Delhi,Fraud,2024-07-04,4,2024,8081,0.814,17,4.75,5
Ahmedabad,Theft,2020-12-27,7,2023,3203,0.897,45,9.2,11
Ahmedabad,Fraud,2021-05-28,9,2024,1781,0.539,49,4.96,7
Chennai,Motor Vehicle Theft,2024-09-14,11,2020,8370,0.747,21,7.33,18
Jaipur,Fraud,2021-12-05,1,2023,2986,0.511,48,14.56,7
Surat,Burglary,2024-05-17,5,2022,6326,0.704,36,12.3,15
Delhi,Robbery,2023-06-10,5,2023,3373,0.821,45,12.69,11
Pune,Robbery,2024-10-04,2,2020,3654,0.506,25,6.8,10
Chennai,Robbery,2021-07-09,8,2022,9535,0.879,31,5.01,1
Bangalore,Drug Offense,2023-09-17,5,2020,4450,0.4,11,4.15,16
Jaipur,Theft,2020-02-23,7,2024,2363,0.362,44,4.86,13
Chennai,Drug Offense,2021-05-21,12,2022,8260,0.676,13,9.32,6
Mumbai,Theft,2023-09-20,6,2022,8801,0.58,39,14.22,18
Ahmedabad,Burglary,2023-11-29,9,2021,8480,0.679,45,13.53,14
Jaipur,Fraud,2021-12-12,8,2024,4721,0.783,33,6.69,14
Chennai,Burglary,2021-09-13,1,2020,9574,0.789,13,7.13,16
Jaipur,Theft,2023-11-09,8,2023,5908,0.305,32,12.58,20
Kolkata,Theft,2023-01-27,6,2021,7745,0.829,32,7.74,6
Pune,Robbery,2021-03-27,5,2020,7917,0.675,38,12.17,20
Chennai,Fraud,2023-08-21,12,2024,5404,0.548,9,5.19,10
Delhi,Motor Vehicle Theft,2023-06-19,8,2022,9060,0.413,6,4.83,18
Mumbai,Burglary,2020-07-28,5,2022,3048,0.729,5,5.79,5
Mumbai,Motor Vehicle Theft,2021-03-20,6,2023,6104,0.771,36,14.98,15
Mumbai,Vandalism,2020-06-13,3,2020,5366,0.765,9,9.52,6
Kolkata,Fraud,2024-07-31,7,2020,2998,0.885,50,5.99,15
Kolkata,Theft,2021-02-11,8,2020,9538,0.7,18,8.67,10
Hyderabad,Burglary,2023-07-12,12,2020,9534,0.373,35,10.66,7
Hyderabad,Theft,2024-11-03,11,2021,2850,0.442,32,6.89,6
Chennai,Assault,2022-03-21,4,2020,1688,0.649,49,8.7,20
Bangalore,Vandalism,2024-04-27,2,2021,3583,0.6,48,10.42,2
Mumbai,Vandalism,2023-08-13,3,2024,2759,0.375,19,6.8,18
Hyderabad,Motor Vehicle Theft,2024-02-10,4,2020,7189,0.515,13,6.01,2
Ahmedabad,Motor Vehicle Theft,2023-02-18,5,2024,9029,0.414,16,9.52,11
Ahmedabad,Fraud,2024-11-11,10,2024,3627,0.341,14,8.39,9
Jaipur,Vandalism,2022-07-18,1,2024,7210,0.74,6,10.44,12
Surat,Drug Offense,2021-10-18,12,2020,9830,0.791,17,9.29,16
Jaipur,Burglary,2023-06-09,5,2022,7714,0.685,12,4.16,3
Mumbai,Burglary,2020-12-31,1,2021,2753,0.591,11,3.38,13
Ahmedabad,Fraud,2020-04-10,6,2021,2161,0.308,18,10.87,3
Ahmedabad,Theft,2022-01-09,9,2023,7046,0.777,8,12.88,9
Jaipur,Theft,2024-02-12,2,2022,2276,0.867,38,4.17,8
Jaipur,Robbery,2021-01-23,4,2024,5075,0.642,16,9.7,18
Pune,Assault,2024-04-18,11,2024,6864,0.705,49,10.98,4
Bangalore,Burglary,2023-01-31,7,2024,6529,0.695,39,14.98,15
Hyderabad,Vandalism,2023-01-31,6,2022,7755,0.759,32,12.91,11
Surat,Drug Offense,2023-02-27,9,2021,7145,0.759,21,7.32,15
Ahmedabad,Robbery,2020-01-01,12,2020,5660,0.657,38,4.62,10
Mumbai,Fraud,2021-03-30,4,2022,1355,0.763,49,12.87,18
Jaipur,Burglary,2020-07-12,1,2023,6827,0.394,21,7.4,19
Kolkata,Drug Offense,2021-06-08,5,2020,7550,0.641,18,11.81,11
Ahmedabad,Burglary,2022-09-26,12,2024,2562,0.657,24,3.45,19
Pune,Assault,2024-05-16,1,2022,6700,0.828,32,8.0,4
Kolkata,Theft,2023-07-22,11,2023,1886,0.483,7,6.83,19
Bangalore,Vandalism,2022-10-25,12,2021,3509,0.33,30,14.65,20
Surat,Assault,2021-03-30,7,2022,7460,0.389,26,3.99,19
Mumbai,Robbery,2021-06-21,2,2023,9221,0.561,49,4.56,5
Ahmedabad,Drug Offense,2022-09-26,7,2024,4212,0.637,38,5.95,3
Chennai,Robbery,2021-10-24,11,2024,2467,0.368,31,8.08,12
Kolkata,Vandalism,2021-12-06,10,2020,5994,0.402,27,10.39,15
Surat,Burglary,2022-06-21,1,2021,4271,0.711,14,12.09,3
Delhi,Theft,2021-05-12,10,2021,5713,0.308,49,12.65,10
Ahmedabad,Motor Vehicle Theft,2020-02-16,6,2021,9814,0.427,39,9.28,9
Jaipur,Motor Vehicle Theft,2023-06-29,12,2021,1301,0.526,47,9.32,9
Bangalore,Theft,2021-08-04,4,2024,5444,0.332,46,14.34,3
Pune,Fraud,2023-09-19,11,2022,2767,0.311,46,7.64,13
Jaipur,Assault,2021-10-08,8,2024,9709,0.353,17,9.01,15
Jaipur,Theft,2020-03-22,4,2024,5995,0.5,30,11.93,1
Hyderabad,Vandalism,2021-12-28,11,2022,4869,0.898,37,6.31,2
Chennai,Robbery,2024-12-28,1,2024,5590,0.435,26,13.77,5
Delhi,Robbery,2022-12-02,11,2024,4726,0.55,41,4.83,10
Surat,Vandalism,2022-07-08,9,2021,4387,0.691,42,9.5,7
Bangalore,Fraud,2023-11-11,12,2024,3215,0.558,14,10.87,19
Bangalore,Vandalism,2020-05-18,9,2024,2939,0.41,14,11.72,11
Pune,Robbery,2021-09-13,8,2022,3489,0.767,11,4.58,1
Surat,Fraud,2023-05-25,10,2024,4783,0.658,19,11.25,12
Delhi,Motor Vehicle Theft,2020-10-01,9,2024,8680,0.727,28,5.21,13
Ahmedabad,Motor Vehicle Theft,2020-10-08,3,2021,4707,0.319,5,14.11,14
Kolkata,Drug Offense,2024-03-31,4,2020,3901,0.856,33,13.41,16
Hyderabad,Motor Vehicle Theft,2024-12-22,4,2023,7633,0.766,43,11.82,13
Hyderabad,Robbery,2023-06-06,12,2024,9784,0.615,50,12.44,17
Delhi,Motor Vehicle Theft,2022-07-24,1,2021,9498,0.623,7,9.69,17
Mumbai,Drug Offense,2021-08-19,8,2023,5989,0.764,23,8.54,14
Chennai,Theft,2023-11-14,9,2021,8595,0.798,33,4.09,17
Delhi,Burglary,2024-05-13,10,2024,3216,0.536,25,8.41,6
Ahmedabad,Drug Offense,2024-12-12,8,2020,5097,0.494,46,13.89,6
Delhi,Assault,2020-08-21,12,2023,6946,0.351,50,7.61,17
Surat,Burglary,2022-02-14,9,2023,1719,0.761,26,9.79,5
Bangalore,Burglary,2021-01-01,12,2020,7874,0.485,33,6.47,6
Delhi,Burglary,2021-02-19,1,2024,5146,0.307,36,13.26,18
Mumbai,Motor Vehicle Theft,2021-05-02,4,2024,8794,0.572,33,3.95,20
Mumbai,Drug Offense,2024-12-11,9,2022,4401,0.329,14,3.66,12
Mumbai,Burglary,2024-10-14,1,2024,5889,0.499,10,3.59,14
Bangalore,Burglary,2023-10-08,5,2024,3906,0.88,42,7.32,2
Delhi,Fraud,2021-10-23,6,2023,2108,0.755,40,3.78,16
Bangalore,Assault,2023-11-23,5,2022,9635,0.548,18,11.35,20
Mumbai,Assault,2023-03-16,12,2024,2436,0.59,49,10.26,10
Pune,Vandalism,2021-06-15,9,2024,6797,0.856,44,9.75,17
Ahmedabad,Motor Vehicle Theft,2024-07-12,3,2024,4812,0.725,17,3.02,1
Ahmedabad,Assault,2024-02-19,4,2024,7793,0.548,26,7.2,7
Mumbai,Drug Offense,2023-11-14,5,2022,2111,0.485,37,9.6,1
Delhi,Vandalism,2021-11-30,7,2024,1477,0.799,17,6.97,11
Ahmedabad,Motor Vehicle Theft,2024-06-20,1,2021,8888,0.393,34,13.7,18
Hyderabad,Motor Vehicle Theft,2024-05-24,7,2020,9537,0.48,48,6.79,18
Mumbai,Drug Offense,2023-03-28,11,2022,6793,0.34,14,6.37,1
Hyderabad,Robbery,2023-07-07,9,2021,7382,0.412,12,13.38,10
Hyderabad,Theft,2021-07-10,7,2020,9143,0.826,28,8.42,10
Kolkata,Fraud,2020-12-24,2,2022,1612,0.767,10,8.33,1
Ahmedabad,Burglary,2021-01-24,6,2023,9579,0.486,25,4.72,4
Jaipur,Burglary,2021-02-24,12,2020,8526,0.533,38,4.39,10
Mumbai,Assault,2021-11-13,8,2020,2689,0.612,47,11.95,1
Surat,Fraud,2023-08-01,4,2022,4285,0.416,22,9.39,15
Delhi,Fraud,2020-11-01,3,2022,2875,0.309,44,9.72,4
Kolkata,Vandalism,2023-01-30,6,2022,3319,0.866,23,9.89,6
Delhi,Fraud,2023-06-09,6,2024,8268,0.33,6,8.65,2
Delhi,Robbery,2020-04-20,2,2023,7421,0.407,43,13.7,15
Surat,Vandalism,2021-10-01,6,2021,9740,0.347,34,9.81,3
Ahmedabad,Assault,2022-07-22,5,2023,8709,0.439,19,4.72,20
Chennai,Vandalism,2022-03-13,3,2022,6320,0.572,6,3.78,4
Hyderabad,Motor Vehicle Theft,2022-08-02,3,2022,6711,0.663,13,9.1,13
Delhi,Vandalism,2023-02-12,11,2020,5949,0.62,30,10.09,8
Surat,Drug Offense,2023-01-27,3,2023,7288,0.34,18,12.77,19
Pune,Robbery,2023-03-07,6,2024,4869,0.404,47,3.93,19
Ahmedabad,Assault,2023-04-27,10,2023,6330,0.633,33,5.11,13
Delhi,Assault,2023-11-04,10,2023,6364,0.597,47,3.74,7
Bangalore,Theft,2024-03-30,3,2021,8421,0.619,29,10.39,15
Kolkata,Drug Offense,2023-10-27,6,2022,5989,0.851,32,11.61,12
Delhi,Theft,2023-06-06,9,2023,3089,0.812,8,7.43,18
Mumbai,Theft,2023-12-11,9,2022,2797,0.817,6,5.82,19
Pune,Vandalism,2023-12-28,7,2023,7251,0.561,18,10.95,16
Bangalore,Drug Offense,2023-02-11,7,2022,7835,0.393,47,4.51,1
Delhi,Theft,2020-10-21,12,2023,8155,0.885,13,4.02,14
Ahmedabad,Robbery,2023-06-30,3,2023,9346,0.554,33,7.62,8
Bangalore,Robbery,2023-05-23,1,2024,9161,0.808,20,11.55,9
Pune,Vandalism,2020-03-09,1,2024,8917,0.723,12,9.96,3
Bangalore,Fraud,2022-08-10,9,2020,9574,0.834,10,5.94,3
Jaipur,Fraud,2023-06-09,1,2022,9765,0.767,35,8.45,16
Surat,Vandalism,2022-05-12,6,2022,5738,0.401,49,14.07,10
Surat,Fraud,2020-05-05,11,2023,3770,0.644,47,14.88,20
Mumbai,Fraud,2022-09-19,2,2021,9283,0.346,22,6.02,20
Chennai,Fraud,2024-10-22,5,2020,2827,0.662,42,11.87,15
Hyderabad,Burglary,2021-06-19,12,2021,8944,0.408,38,13.34,11
Delhi,Burglary,2023-05-04,3,2023,7765,0.762,20,10.93,6
Kolkata,Vandalism,2020-04-21,11,2022,2900,0.332,34,7.78,10
Ahmedabad,Drug Offense,2022-02-16,11,2023,8775,0.458,38,13.44,1
Chennai,Motor Vehicle Theft,2022-02-21,11,2022,9687,0.71,7,4.17,18
Hyderabad,Robbery,2023-06-04,11,2022,6488,0.462,11,6.06,19
Pune,Motor Vehicle Theft,2024-05-02,11,2021,4193,0.612,48,11.28,6
Hyderabad,Theft,2023-10-09,1,2020,1195,0.547,38,4.25,15
Hyderabad,Drug Offense,2024-01-25,5,2022,4163,0.32,44,4.1,20
Kolkata,Assault,2023-12-21,2,2020,3128,0.526,46,9.79,6
Delhi,Burglary,2021-06-02,5,2023,2240,0.683,22,12.23,11
Chennai,Burglary,2024-05-17,2,2022,2022,0.53,26,14.95,9
Chennai,Burglary,2022-06-21,2,2023,4287,0.666,16,10.75,4
Bangalore,Robbery,2021-03-23,10,2020,8234,0.729,11,3.42,3
Surat,Fraud,2024-05-10,8,2020,9154,0.389,45,3.01,2
Pune,Fraud,2020-11-06,12,2022,7411,0.645,37,11.49,16
Ahmedabad,Robbery,2022-04-07,12,2020,9849,0.436,29,14.45,16
Delhi,Vandalism,2021-11-13,11,2022,7563,0.333,46,4.09,18
Hyderabad,Assault,2024-09-18,8,2022,4327,0.406,7,14.61,7
Chennai,Robbery,2020-08-06,11,2022,8970,0.351,45,8.26,7
Bangalore,Theft,2021-01-30,1,2024,4907,0.594,9,12.51,10
Ahmedabad,Motor Vehicle Theft,2020-02-03,1,2022,1918,0.503,7,7.87,7
Jaipur,Motor Vehicle Theft,2023-10-20,9,2021,4817,0.855,7,11.83,16
Mumbai,Motor Vehicle Theft,2023-06-20,1,2021,3138,0.309,45,3.6,10
Delhi,Motor Vehicle Theft,2023-06-05,3,2024,2047,0.791,11,4.37,20
Surat,Drug Offense,2020-05-09,4,2023,6527,0.787,48,7.82,4
Surat,Burglary,2021-10-20,4,2020,3841,0.501,12,6.29,14
Bangalore,Vandalism,2023-02-07,3,2023,4991,0.855,7,4.6,20
Pune,Burglary,2020-02-02,8,2020,1104,0.304,10,11.48,19
Chennai,Robbery,2023-11-21,8,2021,4377,0.386,22,9.28,14
Kolkata,Burglary,2023-06-04,12,2020,3949,0.73,44,14.4,10
Hyderabad,Robbery,2020-01-10,9,2021,4144,0.371,38,14.72,20
Hyderabad,Drug Offense,2022-08-08,11,2021,5528,0.332,12,12.56,16
Ahmedabad,Burglary,2020-11-23,11,2020,1885,0.687,23,5.52,9
Hyderabad,Motor Vehicle Theft,2020-03-29,2,2020,9804,0.406,6,8.82,4
Delhi,Drug Offense,2024-01-17,8,2024,6340,0.551,48,13.78,8
Delhi,Vandalism,2021-04-11,2,2021,7759,0.822,29,13.7,3
Ahmedabad,Motor Vehicle Theft,2020-04-21,7,2021,4541,0.857,34,5.14,12
Bangalore,Motor Vehicle Theft,2024-01-14,4,2022,5418,0.421,13,3.39,19
Mumbai,Fraud,2020-10-06,2,2023,8513,0.551,26,5.64,10
Surat,Burglary,2024-06-04,11,2024,3784,0.647,40,13.26,3
Pune,Motor Vehicle Theft,2024-10-31,4,2024,8757,0.802,22,3.17,14
Kolkata,Drug Offense,2021-11-01,7,2024,4643,0.835,42,14.36,19
Mumbai,Robbery,2020-03-31,1,2023,9261,0.32,38,7.73,4
Ahmedabad,Motor Vehicle Theft,2021-05-07,2,2024,1203,0.716,31,14.4,5
Hyderabad,Fraud,2021-05-04,11,2020,1260,0.588,24,4.94,15
Surat,Theft,2022-07-20,8,2021,7641,0.411,28,10.52,1
Delhi,Robbery,2023-11-15,6,2024,1535,0.478,22,11.38,20
Jaipur,Drug Offense,2024-06-01,11,2020,6500,0.741,8,9.18,12
Mumbai,Assault,2022-02-23,6,2023,1669,0.519,16,10.78,3
Jaipur,Drug Offense,2020-10-10,6,2021,9841,0.368,35,11.85,19
Kolkata,Drug Offense,2021-10-18,6,2022,9250,0.708,22,3.65,12
Hyderabad,Motor Vehicle Theft,2022-09-22,9,2024,3010,0.582,39,11.14,18
Chennai,Motor Vehicle Theft,2023-06-25,6,2020,4085,0.835,34,4.05,13
Bangalore,Fraud,2020-06-06,2,2021,5521,0.367,14,8.96,7
Jaipur,Theft,2021-08-23,7,2024,3163,0.584,31,8.33,1
Chennai,Drug Offense,2020-05-08,1,2021,9513,0.687,31,9.94,11
Ahmedabad,Motor Vehicle Theft,2022-07-26,5,2024,3161,0.839,24,5.06,9
Kolkata,Motor Vehicle Theft,2022-01-31,5,2020,3430,0.512,34,14.47,20
Bangalore,Fraud,2021-01-08,3,2021,3641,0.443,7,14.93,19
Bangalore,Motor Vehicle Theft,2021-06-17,6,2021,4361,0.637,7,10.99,12
Bangalore,Vandalism,2022-07-07,9,2021,9743,0.481,6,7.85,16
Bangalore,Motor Vehicle Theft,2021-10-17,3,2020,9948,0.885,26,10.77,10
Ahmedabad,Fraud,2024-03-24,10,2021,8243,0.503,12,11.78,2
Bangalore,Assault,2021-09-22,1,2023,4610,0.568,10,6.92,20
Kolkata,Drug Offense,2024-05-19,5,2021,1369,0.35,33,11.12,3
Jaipur,Robbery,2021-02-02,8,2022,9381,0.866,47,7.33,5
Pune,Vandalism,2022-03-01,6,2020,5663,0.507,24,14.73,18
Delhi,Drug Offense,2024-01-30,8,2023,8249,0.473,32,11.74,14
Bangalore,Assault,2020-10-21,4,2022,8776,0.893,38,14.84,3
Surat,Robbery,2020-06-30,1,2023,5478,0.549,40,8.55,19
Bangalore,Drug Offense,2021-01-15,7,2022,9037,0.325,24,13.02,10
Ahmedabad,Motor Vehicle Theft,2021-04-04,1,2020,3523,0.458,45,13.01,16
Delhi,Fraud,2022-05-04,3,2023,5009,0.317,22,8.92,3
Surat,Vandalism,2023-04-05,8,2024,8144,0.821,45,11.23,4
Hyderabad,Theft,2024-09-27,5,2021,1958,0.388,34,13.54,5
Hyderabad,Burglary,2020-04-18,5,2022,7873,0.682,27,3.58,10
Jaipur,Assault,2022-11-18,4,2021,2548,0.659,15,9.52,11
Chennai,Fraud,2023-11-04,12,2022,2570,0.621,27,12.88,1
Bangalore,Fraud,2022-02-02,8,2023,6575,0.853,15,4.23,5
Jaipur,Drug Offense,2024-08-30,4,2024,9612,0.808,50,9.61,4
Pune,Motor Vehicle Theft,2020-06-05,2,2021,1284,0.588,24,11.29,5
Ahmedabad,Vandalism,2020-12-18,12,2022,1471,0.747,12,5.67,5
Kolkata,Fraud,2020-09-13,4,2021,2287,0.555,12,3.93,16
Pune,Theft,2021-02-06,2,2020,9412,0.656,35,4.43,9
Mumbai,Assault,2021-09-09,11,2020,2581,0.769,43,5.46,7
Bangalore,Vandalism,2020-02-29,2,2021,5544,0.869,27,7.23,17
Surat,Drug Offense,2022-10-31,10,2020,2623,0.792,5,9.35,7
Chennai,Burglary,2024-03-24,9,2020,2616,0.855,37,13.22,16
Hyderabad,Burglary,2022-06-19,11,2020,3963,0.801,29,8.09,17
Kolkata,Robbery,2020-08-19,6,2020,8633,0.366,13,8.95,12
Chennai,Theft,2020-06-17,6,2023,2895,0.531,34,10.2,10
Ahmedabad,Drug Offense,2023-02-08,7,2022,8011,0.413,9,13.74,16
Hyderabad,Burglary,2020-01-27,11,2023,2723,0.538,38,10.9,3
Delhi,Burglary,2022-03-19,7,2024,2666,0.745,15,3.78,7
Hyderabad,Drug Offense,2023-05-03,7,2020,4815,0.803,36,6.34,19
Surat,Fraud,2024-03-28,11,2023,6834,0.585,43,14.4,16
Jaipur,Fraud,2020-10-28,8,2020,3001,0.45,36,5.77,5
Mumbai,Assault,2024-02-20,1,2020,9161,0.707,16,7.59,11
Bangalore,Fraud,2023-06-27,10,2020,2253,0.697,38,12.21,15
Kolkata,Fraud,2023-09-17,8,2023,9270,0.457,26,12.71,18
Jaipur,Theft,2024-04-13,1,2023,2951,0.53,25,13.23,15
Ahmedabad,Theft,2020-03-08,3,2024,5965,0.831,15,8.9,5
Chennai,Robbery,2022-09-25,2,2024,9037,0.696,48,9.47,16
Ahmedabad,Burglary,2022-11-03,1,2023,5315,0.597,29,10.4,12
Chennai,Vandalism,2020-05-05,1,2024,1739,0.377,28,7.19,19
Mumbai,Vandalism,2022-02-18,2,2023,6654,0.895,31,7.22,8
Kolkata,Drug Offense,2023-08-20,5,2024,2391,0.846,9,13.43,4
Hyderabad,Burglary,2020-02-10,9,2022,1612,0.577,32,9.82,14
Chennai,Theft,2023-11-26,8,2024,1364,0.891,29,9.84,11
Surat,Assault,2024-07-13,8,2020,4373,0.502,37,12.74,11
Bangalore,Fraud,2022-01-14,7,2021,9142,0.681,9,13.08,18
Kolkata,Fraud,2021-06-27,1,2022,7586,0.783,44,11.91,3
Surat,Assault,2023-04-27,6,2022,2102,0.64,38,8.7,7
Hyderabad,Assault,2023-08-27,5,2024,5913,0.56,39,6.76,14
Pune,Fraud,2023-07-03,9,2023,9971,0.408,6,10.53,17
Bangalore,Motor Vehicle Theft,2021-03-12,11,2023,5389,0.862,39,12.71,14
Surat,Theft,2022-12-05,4,2022,8577,0.389,14,11.96,10
Pune,Robbery,2021-10-14,2,2021,7757,0.46,23,10.75,9
Surat,Drug Offense,2022-04-11,4,2020,3456,0.415,20,12.56,10
Ahmedabad,Motor Vehicle Theft,2023-02-20,7,2023,1606,0.421,22,4.64,9
Chennai,Burglary,2023-08-12,1,2023,1326,0.333,10,6.77,10
Delhi,Robbery,2022-01-14,11,2020,7502,0.866,13,5.83,19
Jaipur,Assault,2022-12-04,11,2024,9605,0.451,10,5.86,4
Hyderabad,Vandalism,2024-08-31,10,2023,4865,0.861,18,4.73,6
Kolkata,Fraud,2022-06-19,7,2022,1916,0.594,28,11.4,4
Hyderabad,Robbery,2022-08-30,11,2021,5550,0.828,14,7.36,12
Chennai,Theft,2023-08-14,10,2020,1895,0.714,47,5.88,18
Pune,Fraud,2023-08-01,12,2022,2999,0.621,20,13.29,13
Mumbai,Robbery,2021-06-07,5,2020,4857,0.478,15,13.99,11
Pune,Theft,2021-07-15,2,2023,8718,0.742,26,11.61,4
Bangalore,Fraud,2022-11-02,2,2022,7895,0.661,40,11.85,15
Mumbai,Theft,2023-08-06,11,2021,8264,0.775,13,3.04,7
Chennai,Vandalism,2023-03-25,2,2020,3585,0.45,50,14.64,5
Surat,Robbery,2024-06-11,6,2023,8837,0.824,13,6.13,19
Hyderabad,Fraud,2021-02-10,2,2023,7022,0.409,29,14.34,19
Kolkata,Theft,2020-02-17,9,2024,4747,0.844,34,5.38,6
Mumbai,Robbery,2023-06-19,7,2024,5262,0.39,28,5.04,19
Delhi,Theft,2024-01-11,9,2023,8433,0.796,36,4.42,7
Kolkata,Fraud,2021-08-12,12,2023,7259,0.378,18,10.2,10
Kolkata,Robbery,2021-01-04,7,2021,1471,0.474,21,5.83,15
Kolkata,Vandalism,2023-04-08,11,2023,2404,0.306,13,13.46,13
Kolkata,Robbery,2023-12-21,7,2024,5198,0.344,40,3.71,11
Kolkata,Motor Vehicle Theft,2021-12-26,10,2024,1745,0.303,37,10.44,10
Pune,Vandalism,2020-09-27,9,2020,3938,0.456,37,8.91,11
Ahmedabad,Burglary,2020-07-02,6,2024,8093,0.385,12,6.76,5
Ahmedabad,Fraud,2024-03-11,6,2023,5635,0.842,21,10.36,9
Jaipur,Vandalism,2022-06-11,3,2022,9049,0.758,14,9.67,15
Mumbai,Drug Offense,2020-10-31,1,2021,4000,0.322,21,4.96,15
Pune,Assault,2022-10-10,1,2023,6841,0.893,40,8.82,16
Delhi,Burglary,2020-09-10,6,2020,4337,0.821,16,13.02,17
Chennai,Drug Offense,2023-04-10,1,2024,3958,0.55,9,5.95,16
Delhi,Vandalism,2020-02-23,5,2020,7458,0.524,11,13.04,5
Mumbai,Assault,2022-07-31,12,2023,8439,0.677,22,10.13,1
Hyderabad,Theft,2023-09-05,10,2023,6323,0.868,41,4.55,2
Chennai,Vandalism,2024-06-22,1,2020,9964,0.871,29,4.11,9
Bangalore,Drug Offense,2024-04-27,7,2020,1336,0.811,15,7.66,13
Chennai,Burglary,2020-09-03,5,2023,8083,0.742,24,13.84,20
Bangalore,Vandalism,2023-09-24,2,2022,9399,0.42,33,13.62,16
Chennai,Robbery,2020-07-03,7,2022,4053,0.56,32,4.12,17
Hyderabad,Motor Vehicle Theft,2023-10-17,4,2021,9115,0.616,46,9.3,10
Ahmedabad,Robbery,2020-06-11,8,2022,3434,0.891,48,13.83,8
Jaipur,Robbery,2021-08-28,10,2020,2253,0.85,37,4.29,14
Pune,Assault,2022-08-09,11,2024,5151,0.513,42,3.98,17
Mumbai,Assault,2024-02-25,11,2023,3941,0.772,30,3.54,14
Chennai,Vandalism,2023-04-17,12,2023,8371,0.674,21,7.1,6
Kolkata,Burglary,2020-06-09,12,2024,5248,0.823,11,8.21,1
Mumbai,Robbery,2020-08-26,1,2021,8817,0.576,30,13.43,20
Ahmedabad,Fraud,2023-06-20,10,2022,7471,0.783,10,4.5,1
Kolkata,Assault,2024-07-29,1,2021,1439,0.426,46,4.74,8
Pune,Drug Offense,2020-06-25,5,2023,3427,0.584,6,4.4,5
Ahmedabad,Motor Vehicle Theft,2022-08-23,1,2023,4975,0.421,41,12.95,13
Mumbai,Vandalism,2020-01-17,2,2023,7810,0.809,42,10.15,18
Chennai,Theft,2022-09-25,7,2023,9410,0.655,44,14.22,16
Kolkata,Theft,2022-12-17,1,2023,6174,0.632,22,13.71,14
Ahmedabad,Assault,2022-10-10,10,2022,8345,0.719,6,4.94,7
Ahmedabad,Vandalism,2022-06-16,4,2024,4599,0.653,48,7.07,20
Ahmedabad,Burglary,2024-12-13,5,2023,7829,0.8,48,10.83,12
Ahmedabad,Burglary,2023-06-27,4,2022,2412,0.7,13,5.08,6
Surat,Motor Vehicle Theft,2020-07-25,7,2023,5975,0.441,40,3.56,1
Hyderabad,Fraud,2022-01-01,11,2021,3862,0.797,37,3.38,3
Hyderabad,Robbery,2020-08-21,10,2021,2977,0.637,36,6.09,11
Hyderabad,Theft,2024-04-26,9,2022,3476,0.812,37,10.25,4
Mumbai,Motor Vehicle Theft,2024-06-24,8,2020,2734,0.769,44,12.39,4
Jaipur,Theft,2022-11-04,2,2021,2934,0.823,28,4.88,10
Ahmedabad,Motor Vehicle Theft,2024-02-09,2,2021,6959,0.501,13,4.48,7
Ahmedabad,Robbery,2024-04-24,1,2021,8760,0.505,37,5.06,9
Hyderabad,Robbery,2022-01-08,11,2021,3483,0.752,38,8.06,8
Bangalore,Robbery,2022-04-26,7,2023,9456,0.777,28,14.32,15
Bangalore,Theft,2024-01-09,9,2020,2389,0.503,30,14.78,6
Pune,Theft,2022-03-16,1,2021,1947,0.887,50,12.59,17
Chennai,Robbery,2022-04-03,11,2024,5986,0.733,25,13.91,1
Chennai,Burglary,2023-12-05,7,2023,4360,0.833,44,12.46,15
Hyderabad,Robbery,2024-05-07,4,2022,2380,0.322,26,7.68,5
Jaipur,Fraud,2021-03-13,2,2024,6115,0.613,45,4.92,1
Jaipur,Fraud,2021-05-09,5,2023,9278,0.366,8,13.1,9
Jaipur,Vandalism,2020-09-10,1,2020,8352,0.479,5,8.44,8
Surat,Drug Offense,2021-12-18,5,2022,3293,0.729,38,11.85,4
Hyderabad,Drug Offense,2024-08-12,6,2023,2605,0.388,32,12.94,3
Delhi,Theft,2022-05-20,3,2023,4519,0.568,28,11.12,13
Surat,Robbery,2024-11-20,5,2024,9172,0.682,33,11.27,16
Pune,Burglary,2020-10-22,9,2021,8942,0.727,13,14.62,17
Jaipur,Assault,2023-11-23,4,2023,8755,0.32,15,14.33,12
Delhi,Robbery,2020-08-13,2,2022,5744,0.324,14,4.41,10
Hyderabad,Fraud,2021-08-25,8,2020,3340,0.385,42,8.06,10
Chennai,Drug Offense,2021-01-09,12,2023,1034,0.373,27,3.81,2
Pune,Motor Vehicle Theft,2023-03-19,5,2024,8411,0.84,29,8.7,20
Bangalore,Burglary,2022-10-30,11,2023,8371,0.7,14,13.4,11
Delhi,Robbery,2022-03-04,4,2023,6554,0.625,47,13.68,9
Delhi,Burglary,2023-12-19,1,2024,6060,0.637,12,10.73,3
Kolkata,Theft,2023-03-13,9,2021,8796,0.602,6,4.44,18
Bangalore,Theft,2021-07-17,4,2021,8278,0.351,39,10.28,13
Surat,Theft,2022-10-03,1,2022,8160,0.408,6,13.32,11
Pune,Fraud,2020-07-05,2,2020,9876,0.401,14,5.19,3
Bangalore,Fraud,2022-04-14,11,2021,1965,0.669,25,5.18,2
Chennai,Robbery,2020-07-21,6,2021,7763,0.836,21,7.51,4
Mumbai,Drug Offense,2021-05-05,10,2024,4874,0.596,37,7.62,4
Chennai,Theft,2021-10-13,8,2024,7669,0.339,6,7.89,8
Mumbai,Fraud,2023-02-08,10,2020,5035,0.758,46,12.42,10
Surat,Robbery,2022-07-02,2,2024,4333,0.77,14,7.48,6
Kolkata,Robbery,2023-02-10,8,2020,1016,0.788,44,6.47,6
Mumbai,Theft,2022-09-14,5,2024,5110,0.804,29,14.99,7
Surat,Fraud,2020-04-03,3,2024,2145,0.48,30,11.38,5
Jaipur,Fraud,2024-12-03,7,2021,9270,0.874,25,13.61,11
Chennai,Motor Vehicle Theft,2021-07-13,4,2022,6597,0.426,43,6.94,5
Mumbai,Motor Vehicle Theft,2020-01-09,1,2021,7769,0.633,49,11.44,13
Jaipur,Assault,2024-05-31,11,2020,9825,0.319,47,8.34,4
Hyderabad,Robbery,2024-08-21,10,2022,7336,0.406,49,14.81,4
Ahmedabad,Vandalism,2021-01-30,8,2020,4629,0.746,22,11.17,12
Kolkata,Assault,2024-07-29,10,2022,4623,0.441,36,14.61,2
Chennai,Motor Vehicle Theft,2023-12-12,12,2024,4425,0.304,45,7.75,9
Surat,Motor Vehicle Theft,2020-12-15,9,2021,3875,0.339,13,11.95,5
Chennai,Drug Offense,2024-12-09,9,2022,4143,0.809,6,14.9,18
Surat,Fraud,2023-10-26,9,2023,1032,0.863,46,11.08,2
Hyderabad,Robbery,2024-09-25,7,2022,2994,0.708,34,8.95,17
Mumbai,Drug Offense,2020-04-06,5,2023,9723,0.569,5,7.7,11
Delhi,Theft,2024-02-19,4,2023,2219,0.85,17,4.97,10
Delhi,Assault,2020-02-27,8,2023,1393,0.656,45,14.22,9
Kolkata,Assault,2022-08-27,4,2022,1891,0.793,38,12.53,3
Surat,Motor Vehicle Theft,2024-04-13,2,2023,3045,0.351,8,14.0,13
Hyderabad,Assault,2024-05-21,3,2020,8240,0.333,44,10.51,3
Delhi,Theft,2023-02-19,1,2022,7249,0.541,44,12.02,8
Surat,Theft,2022-07-17,7,2023,8014,0.828,44,4.22,1
Ahmedabad,Vandalism,2023-04-18,4,2020,2682,0.307,50,3.81,7
Surat,Burglary,2023-07-29,9,2022,6822,0.553,44,8.34,8
Bangalore,Theft,2020-05-03,3,2022,8140,0.608,46,12.05,10
Surat,Burglary,2020-10-28,8,2022,6618,0.475,5,9.21,5
Mumbai,Drug Offense,2022-11-04,9,2020,7915,0.506,17,10.69,7
Delhi,Vandalism,2021-01-22,11,2023,8657,0.66,26,13.22,19
Hyderabad,Fraud,2022-05-07,6,2021,2717,0.573,7,8.95,1
Kolkata,Drug Offense,2022-08-13,10,2021,4916,0.588,26,12.69,13
Kolkata,Robbery,2021-01-12,1,2022,1162,0.344,6,9.66,5
Chennai,Motor Vehicle Theft,2021-02-02,11,2024,6896,0.326,6,5.39,10
Bangalore,Drug Offense,2024-12-18,5,2021,6567,0.809,20,5.14,1
Bangalore,Fraud,2020-07-26,1,2021,7208,0.693,12,7.06,7
Chennai,Motor Vehicle Theft,2021-05-06,6,2022,3807,0.865,44,13.58,3
Delhi,Burglary,2024-12-12,3,2021,4140,0.62,49,7.49,20
Pune,Drug Offense,2020-04-04,10,2024,4098,0.813,23,12.48,11
Kolkata,Theft,2023-07-13,5,2021,9327,0.881,36,5.51,3
Ahmedabad,Assault,2020-12-08,9,2023,9342,0.525,38,8.57,11
Hyderabad,Motor Vehicle Theft,2024-01-05,8,2023,5396,0.649,45,14.05,19
Mumbai,Drug Offense,2021-03-25,4,2023,4840,0.538,24,8.1,13
Surat,Burglary,2024-09-21,6,2022,2388,0.381,10,6.54,17
Hyderabad,Drug Offense,2023-04-10,1,2023,9392,0.673,32,8.41,14
Pune,Vandalism,2024-07-05,8,2022,5473,0.529,16,8.3,9
Delhi,Vandalism,2020-06-17,5,2024,9401,0.628,10,12.43,8
Delhi,Assault,2020-05-26,6,2020,9946,0.42,17,11.1,9
Chennai,Fraud,2021-01-25,12,2024,3258,0.899,50,11.88,9
Mumbai,Fraud,2021-07-31,6,2023,7647,0.793,46,3.14,17
Bangalore,Robbery,2021-04-11,4,2021,8773,0.44,42,12.43,15
Ahmedabad,Vandalism,2024-06-09,2,2022,4077,0.557,49,8.01,15
Ahmedabad,Theft,2022-02-06,3,2024,3102,0.483,5,9.0,12
Hyderabad,Drug Offense,2022-05-08,7,2023,9808,0.48,42,3.28,2
Bangalore,Burglary,2021-11-07,10,2024,7404,0.888,18,14.38,3
Jaipur,Robbery,2021-01-20,8,2020,6387,0.642,33,10.67,10
Delhi,Burglary,2020-08-01,11,2024,3910,0.319,49,10.24,1
Bangalore,Drug Offense,2020-05-22,7,2022,4373,0.44,47,9.29,15
Mumbai,Vandalism,2022-11-27,1,2021,6353,0.816,31,7.69,4
Bangalore,Robbery,2022-09-06,12,2020,7373,0.873,18,4.56,7
Chennai,Robbery,2024-08-02,12,2023,3601,0.662,24,10.05,17
Ahmedabad,Fraud,2021-02-17,1,2021,8302,0.338,30,10.26,8
Jaipur,Vandalism,2023-03-11,8,2023,8580,0.646,10,6.45,15
Hyderabad,Fraud,2022-03-11,10,2021,7800,0.449,44,11.8,15
Pune,Burglary,2023-12-01,10,2020,7447,0.719,7,5.88,6
Chennai,Fraud,2023-09-27,2,2021,9085,0.547,40,4.45,12
Delhi,Assault,2022-10-30,6,2023,8388,0.399,18,9.07,15
Mumbai,Assault,2023-08-01,12,2023,7244,0.506,30,13.27,13
Mumbai,Theft,2021-05-28,2,2021,6359,0.702,34,8.82,3
Delhi,Drug Offense,2024-01-01,8,2021,8713,0.792,15,5.05,1
Surat,Assault,2020-12-28,5,2020,9759,0.745,15,3.93,1
Chennai,Burglary,2022-06-21,6,2021,4549,0.729,48,9.39,15
Mumbai,Assault,2022-03-10,12,2022,8274,0.331,5,3.58,13
Kolkata,Drug Offense,2022-02-06,4,2021,2497,0.31,6,14.87,11
Kolkata,Assault,2021-03-27,2,2021,3736,0.326,37,4.29,11
Hyderabad,Drug Offense,2023-07-03,4,2024,7472,0.863,12,5.79,4
Hyderabad,Vandalism,2020-12-21,1,2023,6181,0.307,18,8.51,3
Chennai,Vandalism,2020-03-30,2,2021,7735,0.481,43,8.99,4
Jaipur,Burglary,2021-05-30,2,2024,6314,0.889,49,7.66,5
Hyderabad,Burglary,2023-07-25,12,2022,8899,0.341,6,10.3,19
Ahmedabad,Robbery,2022-11-12,11,2021,9248,0.652,5,5.79,20
Delhi,Fraud,2021-04-29,12,2023,4990,0.672,8,4.65,16
Chennai,Drug Offense,2020-11-06,7,2021,1621,0.443,43,14.86,15
Hyderabad,Burglary,2021-07-23,6,2020,9533,0.775,31,10.78,10
Mumbai,Drug Offense,2024-09-30,12,2022,6615,0.445,39,3.65,8
Kolkata,Robbery,2022-12-03,6,2021,8247,0.678,9,13.44,3
Kolkata,Theft,2023-07-23,3,2021,3057,0.355,42,9.59,7
Kolkata,Assault,2022-05-22,12,2023,6103,0.398,17,5.94,6
Surat,Drug Offense,2021-09-12,5,2024,8344,0.881,17,6.26,16
Delhi,Vandalism,2022-03-26,7,2021,8712,0.565,37,10.31,14
Bangalore,Motor Vehicle Theft,2020-02-10,7,2023,2363,0.755,24,10.14,5
Jaipur,Burglary,2021-06-10,7,2023,6011,0.572,29,9.75,16
Delhi,Vandalism,2020-10-06,12,2023,4206,0.393,17,3.05,17
Hyderabad,Motor Vehicle Theft,2022-04-08,7,2023,7113,0.53,24,10.69,19
Delhi,Robbery,2024-12-17,1,2020,7304,0.859,15,5.33,14
Chennai,Vandalism,2022-11-09,12,2023,7032,0.718,46,7.62,14
Kolkata,Drug Offense,2022-09-05,1,2022,1462,0.718,46,4.77,20
Ahmedabad,Burglary,2021-06-04,4,2024,3644,0.307,10,10.73,13
Pune,Assault,2022-11-27,4,2023,3716,0.798,21,11.3,17
Jaipur,Robbery,2023-04-15,5,2023,2456,0.366,41,12.32,12
Bangalore,Fraud,2024-03-13,4,2023,6047,0.304,15,12.8,1
Delhi,Assault,2024-05-03,12,2023,9600,0.55,23,11.8,6
Bangalore,Vandalism,2021-01-16,12,2021,4244,0.592,37,14.38,15
Surat,Drug Offense,2021-01-15,4,2020,3993,0.786,17,6.11,14
Ahmedabad,Assault,2024-11-13,11,2021,2307,0.476,29,4.5,3
Hyderabad,Theft,2023-04-14,4,2023,8949,0.704,11,3.11,9
Mumbai,Theft,2020-07-17,4,2024,1118,0.525,38,14.84,9
Ahmedabad,Motor Vehicle Theft,2024-03-30,6,2024,8036,0.502,48,13.68,11
Kolkata,Vandalism,2023-09-24,7,2023,1937,0.885,26,12.68,1
Ahmedabad,Robbery,2024-01-25,3,2020,3013,0.821,22,14.41,8
Hyderabad,Motor Vehicle Theft,2023-06-20,11,2023,9436,0.548,17,3.04,11
Mumbai,Vandalism,2024-11-23,1,2022,8279,0.44,36,7.8,20
Delhi,Vandalism,2022-05-26,8,2020,7305,0.476,17,11.54,17
Surat,Theft,2020-09-18,8,2020,5937,0.799,40,14.85,15
Bangalore,Motor Vehicle Theft,2020-08-24,8,2024,4946,0.446,15,12.04,3
Delhi,Robbery,2024-01-05,1,2021,6349,0.842,22,5.64,9
Ahmedabad,Assault,2023-09-24,3,2024,9060,0.354,49,6.99,8
Surat,Assault,2023-08-11,6,2023,7252,0.692,40,14.59,14
Kolkata,Drug Offense,2021-06-14,2,2022,2436,0.367,26,11.89,7
Delhi,Vandalism,2020-09-17,6,2023,1027,0.486,42,9.43,13
Pune,Vandalism,2024-04-28,6,2021,9515,0.698,42,5.67,13
Mumbai,Motor Vehicle Theft,2021-10-09,3,2022,4586,0.6,34,4.77,10
Bangalore,Theft,2023-05-11,6,2022,9230,0.894,12,6.28,19
Ahmedabad,Drug Offense,2022-10-10,5,2023,1963,0.889,26,4.83,7
Kolkata,Theft,2024-11-07,3,2023,7419,0.479,47,13.95,6
Mumbai,Robbery,2021-11-22,7,2023,6706,0.755,30,3.86,10
Chennai,Drug Offense,2023-12-06,9,2023,2594,0.379,42,13.39,2
Chennai,Motor Vehicle Theft,2023-09-02,3,2024,3253,0.565,35,6.49,5
